id,date,value,optin,giftaid,appeal,platform,sourcecode,campaign,source,medium,creative,audience
18X18088AA960635L,20/05/2020 01:59,20.0,True,False,Syria Crisis Appeal,Paypal,170460,Syria Crisis Appeal,google,cpc,generic,donate to syria
44S70397H8433301X,20/05/2020 18:47,10.0,False,True,Support People In Crisis,Paypal,170463,,,,,
3CX04591KC570045Y,21/05/2020 15:17,20.0,True,True,UK Coronavirus Response,Paypal,170463,,,,,
46D03445DV799774V,21/05/2020 15:17,5.0,True,False,UK Coronavirus Response,Paypal,170463,,,,,
3NS51208YC8555324,20/05/2020 09:32,5.0,False,False,UK Coronavirus Response,Paypal,170464,UK Fund Appeal,Facebook,Social Ad,Donate Landing_Video_DRTV,18-24_25-34
5PG320150D619814D,21/05/2020 12:51,50.0,False,True,UK Coronavirus Response,Paypal,170463,,,,,
0P915786V4315403J,21/05/2020 17:36,40.0,False,True,UK Coronavirus Response,Paypal,170463,,,,,
34D20755UP854294S,21/05/2020 05:17,3.0,True,True,UK Coronavirus Response,Paypal,170463,,,,,
7WV20747SH293440E,20/05/2020 20:56,30.0,False,True,UK Coronavirus Response,Paypal,170460,Kindness Will Keep Us Together,google,cpc,generic,
7KL91267MJ560833D,21/05/2020 10:01,25.0,False,True,UK Coronavirus Response,Paypal,170463,,,,,
6KE65232MW971390G,21/05/2020 20:17,60.0,False,True,UK Coronavirus Response,Paypal,170460,Kindness Will Keep Us Together,google,cpc,brand,pure brand
2F091145LM562721W,21/05/2020 20:30,30.0,False,True,UK Coronavirus Response,Paypal,170460,Kindness Will Keep Us Together,google,cpc,brand,donate
8J787378SW047681S,21/05/2020 20:32,10.0,False,True,UK Coronavirus Response,Paypal,170460,Kindness Will Keep Us Together,google,cpc,brand,donate
61W73653327088617,22/05/2020 08:52,10.0,False,False,UK Coronavirus Response,Paypal,170464,National Emergencies Trust Coronavirus Appeal,Facebook,Social Ad,Donate Landing_Image_Food Bank,BRC Page Likers_Friends
80960810LL319023V,22/05/2020 07:14,30.0,False,True,Yemen Crisis Appeal,Paypal,170458,UK Fund Appeal,Campaign Landing,Internal,Donate Landing_Coronavirus landing page hub,BRC Site
3AM50236BA560890R,22/05/2020 07:03,25.0,False,True,UK Coronavirus Response,Paypal,170458,UK Fund Appeal,Campaign Landing,Internal,Donate Landing_Coronavirus landing page hub,BRC Site
75W49157PM2847201,22/05/2020 02:25,4.0,False,True,UK Coronavirus Response,Paypal,170463,,,,,
19U68135FH478315M,22/05/2020 02:25,20.0,False,True,UK Coronavirus Response,Paypal,170463,,,,,
9UB549193D170111A,21/05/2020 21:57,50.0,False,True,National Emergencies Trust Coronavirus Appeal,Paypal,170460,Kindness Will Keep Us Together,google,cpc,generic,coronavirus donations
10J11581NL234431C,21/05/2020 16:00,23.0,True,False,UK Coronavirus Response,Paypal,170463,,,,,
29181569YJ656040H,21/05/2020 16:00,23.0,True,False,UK Coronavirus Response,Paypal,170463,,,,,
36E648394F156614P,20/05/2020 23:53,100.0,True,True,UK Coronavirus Response,Paypal,170463,,,,,
9FB819102M560435G,21/05/2020 21:02,6.0,True,True,UK Coronavirus Response,Paypal,170463,,,,,
79L21182VT004601W,20/05/2020 01:30,25.0,False,True,UK Coronavirus Response,Paypal,170464,UK Fund Appeal,Facebook,Social Ad,Donate Landing_Video_DRTV,18-24_25-34
9KK724792V3828537,21/05/2020 22:12,30.0,False,True,National Emergencies Trust Coronavirus Appeal,Paypal,170463,,,,,
2KT81399WT402191D,20/05/2020 18:36,1000.0,False,True,UK Coronavirus Response,Paypal,170463,,,,,
8ME88268K0774283T,20/05/2020 02:21,2.0,False,False,UK Coronavirus Response,Paypal,170463,,,,,
4SH57203YN109432H,22/05/2020 01:24,2.0,False,False,UK Coronavirus Response,Paypal,170463,,,,,
6TS43207N3860221M,21/05/2020 13:03,60.0,False,True,UK Coronavirus Response,Paypal,170460,Kindness Will Keep Us Together,google,cpc,generic,covid-19 donate
1FX35988T7054852A,21/05/2020 08:47,100.0,False,True,National Emergencies Trust Coronavirus Appeal,Paypal,170463,,,,,
41406318M4950233U,21/05/2020 06:19,5.0,True,False,UK Coronavirus Response,Paypal,170463,,,,,
689723110P4245704,21/05/2020 15:51,50.0,True,True,UK Coronavirus Response,Paypal,170460,Kindness Will Keep Us Together,google,cpc,brand,pure brand
2B393992SD193703G,21/05/2020 21:56,23.0,False,True,UK Coronavirus Response,Paypal,170463,,,,,
8BH21586479430023,20/05/2020 09:46,5.0,False,True,UK Coronavirus Response,Paypal,170460,Kindness Will Keep Us Together,google,cpc,generic,coronavirus charity
6V526287KC143772Y,20/05/2020 22:54,25.0,False,True,UK Coronavirus Response,Paypal,170458,UK Fund Appeal,Homepage Promo Box,Internal,Donate Landing_Kindness will keep us together VVCP content red box,BRC Site
6VG998555C443051T,20/05/2020 13:20,10.0,False,False,UK Coronavirus Response,Paypal,170464,UK Fund Appeal,Facebook,Social Ad,Donate Landing_Video_DRTV,BRC Page Likers_Friends
19498787997247258,20/05/2020 14:59,50.0,False,True,UK Coronavirus Response,Paypal,170463,UK Fund Appeal,Direct Mail,Offline,Donate Landing_May donate,Warm Supporters
96H87174802362000,22/05/2020 09:41,50.0,True,True,UK Coronavirus Response,Paypal,170458,UK Fund Appeal,Homepage Promo Box,Internal,Donate Landing_Kindness will keep us together VVCP content red box,BRC Site
2YF20883BB9723537,21/05/2020 19:38,25.0,False,False,UK Coronavirus Response,Paypal,170460,Kindness Will Keep Us Together,google,cpc,generic,coronavirus charity
21G78581S28021046,21/05/2020 05:53,10.0,True,False,UK Coronavirus Response,Paypal,170463,,,,,
4DF04351JA2245619,21/05/2020 05:53,10.0,False,True,UK Coronavirus Response,Paypal,170463,,,,,
57303081AM831435F,20/05/2020 21:35,10.0,False,True,UK Coronavirus Response,Paypal,170463,,,,,
2U372104844361612,21/05/2020 12:28,2.0,False,False,National Emergencies Trust Coronavirus Appeal,Paypal,170463,,,,,
70Y921363D1093131,21/05/2020 12:32,2.0,False,False,UK Coronavirus Response,Paypal,170463,,,,,
5RS121069C5196730,21/05/2020 18:17,20.0,True,False,UK Coronavirus Response,Paypal,170463,,,,,
8PE15641XX5983433,21/05/2020 06:04,5.0,True,False,UK Coronavirus Response,Paypal,170463,,,,,
20E62752SR398982S,21/05/2020 18:29,25.0,False,True,UK Coronavirus Response,Paypal,170460,Kindness Will Keep Us Together,google,cpc,brand,pure brand
7A33046127606950R,21/05/2020 05:43,3.0,True,True,UK Coronavirus Response,Paypal,170463,,,,,
9U715123SU196962B,21/05/2020 05:43,3.0,True,True,UK Coronavirus Response,Paypal,170463,,,,,
3RM8672155149624K,21/05/2020 05:44,3.0,True,True,UK Coronavirus Response,Paypal,170463,,,,,
8NL18940JW333284L,20/05/2020 23:23,3.0,False,True,National Emergencies Trust Coronavirus Appeal,Paypal,170463,,,,,
3CV35788YT3920920,20/05/2020 14:09,25.0,False,True,UK Coronavirus Response,Paypal,170458,UK Fund Appeal,Homepage Promo Box,Internal,Donate Landing_Kindness will keep us together VVCP content red box,BRC Site
17344140AU756283B,21/05/2020 13:00,5.0,False,True,UK Coronavirus Response,Paypal,170463,,,,,
332240074J5760203,21/05/2020 23:02,20.0,False,False,Syria Crisis Appeal,Paypal,170463,,,,,
8BE00922DR695874D,21/05/2020 13:46,5.0,False,False,National Emergencies Trust Coronavirus Appeal,Paypal,170463,,,,,
1NN85539R86111729,20/05/2020 13:45,100.0,False,True,National Emergencies Trust Coronavirus Appeal,Paypal,170463,,,,,
8UK07261L9931380J,21/05/2020 10:13,25.0,False,False,UK Coronavirus Response,Paypal,170464,UK Fund Appeal,Facebook,Social Ad,Donate Landing_Image_Generic Volunteers,Morally Minded_Charity Page Likers
489847309G078533X,20/05/2020 10:57,100.0,False,True,UK Coronavirus Response,Paypal,170463,,,,,
66920956CV315421S,21/05/2020 12:26,20.0,False,True,Yemen Crisis Appeal,Paypal,170460,Yemen Crisis Appeal,google,cpc,generic,yemen donate
0EJ20266BS814244N,21/05/2020 12:55,25.0,False,True,UK Coronavirus Response,Paypal,"170459,170459",Kindness Will Keep Us Together,bing,cpc,generic,charities to donate to
1P30806219397363N,21/05/2020 13:13,5.0,False,False,National Emergencies Trust Coronavirus Appeal,Paypal,170463,,,,,
5FP51195G4618470G,20/05/2020 20:17,10.0,False,True,UK Coronavirus Response,Paypal,170458,UK Fund Appeal,Campaign Landing,Internal,Donate Landing_Coronavirus landing page hub,BRC Site
63L73894J2222541H,20/05/2020 15:41,10.0,False,True,UK Coronavirus Response,Paypal,170458,UK Fund Appeal,Homepage Promo Box,Internal,Donate Landing_Kindness will keep us together VVCP content red box,BRC Site
0BN582234B3181816,21/05/2020 07:43,20.0,False,False,UK Coronavirus Response,Paypal,170460,Kindness Will Keep Us Together,google,cpc,brand,pure brand
2GG43210WA579541A,20/05/2020 07:32,5.0,True,False,UK Coronavirus Response,Paypal,170460,Kindness Will Keep Us Together,google,cpc,generic,covid-19 donate
7SW454506W8132220,22/05/2020 09:00,10.0,False,True,UK Coronavirus Response,Paypal,170464,UK Fund Appeal,Facebook,Social Ad,Donate Landing_Video_DRTV,NHS_Healthcare
63W9911500325761T,22/05/2020 00:20,5.0,False,False,Syria Crisis Appeal,Paypal,170463,Syria Crisis Appeal,,,brand,red cross syria
21A64996R81319811,20/05/2020 07:13,20.0,False,True,UK Coronavirus Response,Paypal,170460,Kindness Will Keep Us Together,google,cpc,generic,
3C364890K3110112J,21/05/2020 05:25,2.0,False,True,UK Coronavirus Response,Paypal,170463,,,,,
35N97391L8087553W,20/05/2020 19:34,30.0,False,True,Yemen Crisis Appeal,Paypal,170460,Yemen Crisis Appeal,google,cpc,generic,starvation in yemen
1C0260441A366084J,20/05/2020 19:40,30.0,False,True,Yemen Crisis Appeal,Paypal,170460,Yemen Crisis Appeal,google,cpc,generic,yemen appeal
52M15806TE537612V,21/05/2020 15:05,23.0,True,True,UK Coronavirus Response,Paypal,170463,,,,,
33794920CY427602C,21/05/2020 15:04,5.0,True,True,UK Coronavirus Response,Paypal,170463,,,,,
1FB47651JS3738733,22/05/2020 09:02,10.0,False,False,National Emergencies Trust Coronavirus Appeal,Paypal,170463,,,,,
8E529385LN675460M,20/05/2020 12:13,20.0,False,False,Yemen Crisis Appeal,Paypal,170460,Yemen Crisis Appeal,google,cpc,generic,starvation in yemen
35840320SE9155201,20/05/2020 19:06,20.0,False,True,UK Coronavirus Response,Paypal,170460,Kindness Will Keep Us Together,google,cpc,generic,
23K18899P2721420Y,22/05/2020 09:47,30.0,False,True,National Emergencies Trust Coronavirus Appeal,Paypal,170463,,,,,
1WB55137HE356283T,20/05/2020 14:03,25.0,False,True,UK Coronavirus Response,Paypal,170464,UK Fund Appeal,Facebook,Social Ad,Donate Landing_Video_DRTV,Morally Minded_Charity Page Likers
6TW110980N6661808,21/05/2020 23:10,5.0,False,False,UK Coronavirus Response,Paypal,170463,,,,,
5PS21238NC136353F,21/05/2020 23:07,25.0,False,False,UK Coronavirus Response,Paypal,"170459,170459",Kindness Will Keep Us Together,bing,cpc,generic,
8LE640511W749125X,20/05/2020 22:48,25.0,False,True,UK Coronavirus Response,Paypal,170458,UK Fund Appeal,Campaign Landing,Internal,Donate Landing_Coronavirus landing page hub,BRC Site
46D82513HP296621G,21/05/2020 18:22,20.0,False,True,UK Coronavirus Response,Paypal,170463,,,,,
0AK15144HX200440F,21/05/2020 20:22,30.0,False,False,UK Coronavirus Response,Paypal,170460,Kindness Will Keep Us Together,google,cpc,generic,
3NY45045LR3638432,20/05/2020 12:01,50.0,True,False,UK Coronavirus Response,Paypal,170458,UK Fund Appeal,Campaign Landing,Internal,Donate Landing_Coronavirus landing page hub,BRC Site
6PE87671YN459600H,21/05/2020 19:24,100.0,False,True,UK Coronavirus Response,Paypal,170463,,,,,
63F99806CL521473H,20/05/2020 22:34,25.0,False,True,UK Coronavirus Response,Paypal,170458,UK Fund Appeal,Homepage Promo Box,Internal,Donate Landing_Kindness will keep us together VVCP content red box,BRC Site
6KX34608YH892653N,21/05/2020 12:05,15.0,False,True,UK Coronavirus Response,Paypal,170463,UK Fund Appeal,Direct Mail,Offline,Donate Landing_May donate,Warm Supporters
00386439VK663553R,21/05/2020 14:43,30.0,False,True,National Emergencies Trust Coronavirus Appeal,Paypal,170460,National Emergencies Trust Coronavirus Appeal,google,cpc,brand,donate
9S20261717205193B,20/05/2020 16:04,100.0,False,True,UK Coronavirus Response,Paypal,171138,Kindness Will Keep Us Together,Salesforce,Email,Donate_SendNumber11_coronavirus support line_Mega Button_Donate,Emergency Donors
3HS17936B64143007,20/05/2020 09:50,25.0,False,False,UK Coronavirus Response,Paypal,170463,,,,,
37B3365727594190M,21/05/2020 02:00,2.0,False,False,Syria Crisis Appeal,Paypal,170460,Syria Crisis Appeal,google,cpc,generic,syria charity relief
4WD23726608512339,21/05/2020 09:16,60.0,True,True,UK Coronavirus Response,Paypal,170463,,,,,
4M985417JM3800821,20/05/2020 09:25,100.0,True,True,UK Coronavirus Response,Paypal,170464,UK Fund Appeal,Facebook,Social Ad,Donate Landing_Video_DRTV,NHS_Healthcare
8AH08786M9647731B,20/05/2020 19:54,10.0,True,False,UK Coronavirus Response,Paypal,170463,,,,,
6MX06135P7756221X,20/05/2020 15:12,10.0,False,True,UK Coronavirus Response,Paypal,170463,,,,,
3E360065860062926,21/05/2020 22:25,5.0,False,True,Yemen Crisis Appeal,Paypal,170460,Yemen Crisis Appeal,google,cpc,generic,zakat for yemen
96H42663MN3058638,20/05/2020 19:57,25.0,False,False,UK Coronavirus Response,Paypal,170463,,,,,
1G387096WV161482G,22/05/2020 08:43,15.0,False,True,UK Coronavirus Response,Paypal,170464,UK Fund Appeal,Facebook,Social Ad,Donate Landing_Image_Food Bank,Charity Page Likers
5XD154953J636104P,21/05/2020 19:58,30.0,False,True,National Emergencies Trust Coronavirus Appeal,Paypal,170463,,,,,
1BF30488TK127474T,22/05/2020 08:30,25.0,False,True,UK Coronavirus Response,Paypal,170464,UK Fund Appeal,Facebook,Social Ad,Donate Landing_Video_DRTV,Morally Minded_Charity Page Likers
4SV29459LY7901834,21/05/2020 23:31,25.0,False,False,UK Coronavirus Response,Paypal,170463,,,,,
4EX20784KV8747814,21/05/2020 19:23,6.0,False,True,Yemen Crisis Appeal,Paypal,170463,,,,,
82F998286J814782K,22/05/2020 01:28,5.0,False,False,UK Coronavirus Response,Paypal,170463,,,,,
9AT91382VK082193M,21/05/2020 16:00,10.0,False,True,National Emergencies Trust Coronavirus Appeal,Paypal,170463,,,,,
5NH9400349211250N,22/05/2020 02:43,25.0,False,True,UK Coronavirus Response,Paypal,170464,UK Fund Appeal,Facebook,Social Ad,Donate Landing_Video_DRTV,Support Groups
8VM54122BN424680K,20/05/2020 02:41,100.0,False,True,National Emergencies Trust Coronavirus Appeal,Paypal,170463,,,,,
3SB09568VX2406400,21/05/2020 19:01,62.55,False,False,UK Coronavirus Response,Paypal,170463,,,,,
6NX68462C3641084W,21/05/2020 14:08,25.0,False,True,UK Coronavirus Response,Paypal,170464,UK Fund Appeal,Facebook,Social Ad,Donate Landing_Video_DRTV,BRC Page Likers_Friends
40N77716GC1284801,21/05/2020 12:34,5.0,False,True,UK Coronavirus Response,Paypal,170460,Kindness Will Keep Us Together,google,cpc,generic,donate to charity
4VB990914Y415833B,20/05/2020 22:26,50.0,False,True,Support People In Crisis,Paypal,170463,,,,,
0KC01335908368729,21/05/2020 06:25,21.0,False,False,UK Coronavirus Response,Paypal,170463,,,,,
61V91209UX4425320,20/05/2020 22:15,5.0,False,True,UK Coronavirus Response,Paypal,170463,,,,,
86P70012KD311451W,20/05/2020 17:16,10.0,False,True,UK Coronavirus Response,Paypal,170463,,,,,
4AL6931784507380V,20/05/2020 11:22,50.0,False,True,National Emergencies Trust Coronavirus Appeal,Paypal,170463,,,,,
9PX28455WP006001H,20/05/2020 19:50,25.0,False,False,UK Coronavirus Response,Paypal,170464,UK Fund Appeal,Facebook,Social Ad,Donate Landing_Video_DRTV,Website Traffic
6MW99020HB006232W,20/05/2020 21:15,10.0,False,True,UK Coronavirus Response,Paypal,170458,UK Fund Appeal,Homepage Promo Box,Internal,Donate Landing_Kindness will keep us together VVCP content red box,BRC Site
31Y703821H823382G,21/05/2020 05:57,23.0,True,True,UK Coronavirus Response,Paypal,170463,,,,,
7J9129465K941303G,21/05/2020 05:57,23.0,False,True,UK Coronavirus Response,Paypal,170463,,,,,
65293245088900410,21/05/2020 15:31,2.0,False,True,UK Coronavirus Response,Paypal,170463,,,,,
0A029254RF918741B,21/05/2020 22:07,30.0,False,True,Yemen Crisis Appeal,Paypal,170458,UK Fund Appeal,Homepage Promo Box,Internal,Donate Landing_Kindness will keep us together VVCP content red box,BRC Site
2FT04960C50768525,20/05/2020 10:03,50.0,False,True,UK Coronavirus Response,Paypal,170463,,,,,
76826692WM991781V,21/05/2020 18:03,25.0,False,False,UK Coronavirus Response,Paypal,170464,UK Fund Appeal,Facebook,Social Ad,Donate Landing_Video_DRTV,Support Groups
4D967230YT3169913,21/05/2020 20:28,20.0,False,False,UK Coronavirus Response,Paypal,170460,Kindness Will Keep Us Together,google,cpc,generic,coronavirus donating
0UH00863PX755414F,21/05/2020 10:27,20.0,False,True,Yemen Crisis Appeal,Paypal,170463,,,,,
0ED75844CD370412V,20/05/2020 10:24,50.0,True,True,UK Coronavirus Response,Paypal,170463,,,,,
2KK42611E2588303L,21/05/2020 10:05,25.0,False,True,UK Coronavirus Response,Paypal,170458,UK Fund Appeal,BRC Blog,Internal,Donate Landing_Kindness manifesto landing page,BRC Site
98B69428XH299683H,20/05/2020 03:06,25.0,True,False,UK Coronavirus Response,Paypal,170463,,,,,
6FW13064E4419731A,20/05/2020 22:30,10.0,False,True,UK Coronavirus Response,Paypal,170458,UK Fund Appeal,Campaign Landing,Internal,Donate Landing_Coronavirus landing page hub,BRC Site
7E7791266D0284711,20/05/2020 13:02,50.0,False,False,UK Coronavirus Response,Paypal,170458,UK Fund Appeal,Homepage Promo Box,Internal,Donate Landing_Kindness will keep us together VVCP content red box,BRC Site
1VW374912F343543E,21/05/2020 16:30,25.0,False,True,UK Coronavirus Response,Paypal,170463,UK Fund Appeal,Direct Mail,Offline,Donate Landing_May donate,Warm Supporters
7NW44424KL231405K,20/05/2020 04:00,50.0,False,True,Syria Crisis Appeal,Paypal,170463,,,,,
2WV10300AT8581706,21/05/2020 22:57,50.0,False,False,National Emergencies Trust Coronavirus Appeal,Paypal,170460,Kindness Will Keep Us Together,google,cpc,generic,coronavirus appeal
3XL97893XH4741302,21/05/2020 11:31,10.0,True,True,UK Coronavirus Response,Paypal,170464,UK Fund Appeal,Facebook,Social Ad,Donate Landing_Video_Jessi Video,Shopping
51U05218MM023114T,21/05/2020 19:12,20.0,False,True,UK Coronavirus Response,Paypal,170460,Kindness Will Keep Us Together,google,cpc,generic,covid-19 appeal
56T79881YG128035A,20/05/2020 16:36,10.0,False,True,UK Coronavirus Response,Paypal,171138,Kindness Will Keep Us Together,Salesforce,Email,Donate_SendNumber11_coronavirus support line_Mega Button_Donate,Active Online RG Donors
7VA18604NV565853B,20/05/2020 21:58,30.0,True,True,UK Coronavirus Response,Paypal,170460,Kindness Will Keep Us Together,google,cpc,brand,pure brand
8HC3435565134603F,22/05/2020 00:56,5.0,False,True,UK Coronavirus Response,Paypal,170463,,,,,
7NJ25847VH2243317,21/05/2020 12:34,20.0,True,True,UK Coronavirus Response,Paypal,170463,,,,,
38R27079AC463021R,22/05/2020 09:34,200.0,False,True,National Emergencies Trust Coronavirus Appeal,Paypal,170463,,,,,
1VB27200ER9724816,22/05/2020 07:41,20.0,False,False,UK Coronavirus Response,Paypal,170463,,,,,
6SV444369N5787438,21/05/2020 10:32,87.5,False,False,UK Coronavirus Response,Paypal,170463,,,,,
9LG69980RA949372K,21/05/2020 05:10,2.0,True,True,UK Coronavirus Response,Paypal,170463,,,,,
46S760902L154221F,21/05/2020 08:10,20.0,False,False,National Emergencies Trust Coronavirus Appeal,Paypal,170463,,,,,
6CM813965M975792A,20/05/2020 12:40,20.0,True,False,UK Coronavirus Response,Paypal,170463,,,,,
8TT108716Y4085310,20/05/2020 11:33,100.0,False,True,UK Coronavirus Response,Paypal,170463,,,,,
5G830309UV490502N,21/05/2020 15:11,5.0,False,True,National Emergencies Trust Coronavirus Appeal,Paypal,170463,,,,,
9FB19414V08512729,21/05/2020 11:39,100.0,False,True,National Emergencies Trust Coronavirus Appeal,Paypal,170463,,,,,
0G966796AD9706803,20/05/2020 14:26,10.0,False,True,UK Coronavirus Response,Paypal,170464,UK Fund Appeal,Facebook,Social Ad,Donate Landing_Video_DRTV,NHS_Healthcare
9LW190221C247225P,21/05/2020 00:54,100.0,False,False,UK Coronavirus Response,Paypal,170460,Kindness Will Keep Us Together,google,cpc,generic,
5LP926659J9817845,20/05/2020 10:38,100.0,False,True,National Emergencies Trust Coronavirus Appeal,Paypal,170463,,,,,
7J7269331Y544852C,21/05/2020 19:18,100.0,False,True,UK Coronavirus Response,Paypal,170463,UK Fund Appeal,Direct Mail,Offline,Donate Landing_May donate,Warm Supporters
5TM43380G3646181U,20/05/2020 00:35,30.0,False,True,UK Coronavirus Response,Paypal,170463,,,,,
5A5456752J5146906,20/05/2020 00:50,25.0,True,False,UK Coronavirus Response,Paypal,170463,,,,,
97P686501L596140E,20/05/2020 00:56,25.0,True,False,UK Coronavirus Response,Paypal,170463,,,,,
59F227156P285730N,21/05/2020 07:34,50.0,True,True,UK Coronavirus Response,Paypal,170464,UK Fund Appeal,Facebook,Social Ad,Donate Landing_Image_Generic Volunteers,BRC Page Likers_Friends
48H48430GY088152F,21/05/2020 16:15,25.0,False,False,UK Coronavirus Response,Paypal,170463,,,,,
6SP29098R12037806,22/05/2020 00:01,5.0,False,False,UK Coronavirus Response,Paypal,170463,,,,,
43E65623DA811860L,21/05/2020 20:23,5.0,True,False,UK Coronavirus Response,Paypal,170463,,,,,
9RW77073KV4320454,21/05/2020 20:23,5.0,True,False,UK Coronavirus Response,Paypal,170463,,,,,
74296889R07770521,22/05/2020 02:06,5.0,False,False,Yemen Crisis Appeal,Paypal,170460,Yemen Crisis Appeal,google,cpc,generic,yemen charity
5N945702PG5732848,22/05/2020 08:18,25.0,True,True,UK Coronavirus Response,Paypal,170463,,,,,
8NR88680MB8650029,21/05/2020 22:35,5.0,False,True,UK Coronavirus Response,Paypal,170463,Syria Crisis Appeal,,,brand,red cross syria
4TN985573W2595820,21/05/2020 18:50,20.0,False,True,Global Coronavirus Appeal,Paypal,170463,Syria Crisis Appeal,,,brand,red cross syria
0JW28425TL029554N,20/05/2020 04:56,3.0,False,True,Syria Crisis Appeal,Paypal,170460,Syria Crisis Appeal,google,cpc,generic,donate to syria
84R66982ER0913915,22/05/2020 08:05,50.0,False,True,UK Coronavirus Response,Paypal,170463,,,,,
5K335318G00426144,20/05/2020 07:20,201.38,True,False,UK Coronavirus Response,Paypal,170458,UK Fund Appeal,Homepage Promo Box,Internal,Donate Landing_Kindness will keep us together VVCP content red box,BRC Site
8D065665CH439420M,20/05/2020 11:35,50.0,True,True,Yemen Crisis Appeal,Paypal,170460,Yemen Crisis Appeal,google,cpc,generic,yemen charity
52S77777J2541944Y,20/05/2020 17:40,10.0,False,True,UK Coronavirus Response,Paypal,170463,,,,,
5G637706PG016460W,21/05/2020 08:58,30.0,True,False,National Emergencies Trust Coronavirus Appeal,Paypal,170463,,,,,
56A47144WA641181T,22/05/2020 06:26,15.0,False,True,UK Coronavirus Response,Paypal,170464,UK Fund Appeal,Facebook,Social Ad,Donate Landing_Video_DRTV,NHS_Healthcare
2L298503GN458364F,20/05/2020 23:00,40.0,False,True,UK Coronavirus Response,Paypal,170458,UK Fund Appeal,Homepage Promo Box,Internal,Donate Landing_Kindness will keep us together VVCP content red box,BRC Site
9RR18112C5293680V,20/05/2020 22:43,25.0,False,False,UK Coronavirus Response,Paypal,170463,,,,,
2708182360911281T,21/05/2020 16:46,25.0,False,True,UK Coronavirus Response,Paypal,170463,,,,,
99C03598V50603414,21/05/2020 14:14,30.0,False,True,National Emergencies Trust Coronavirus Appeal,Paypal,170463,,,,,
5SE41840SR0604023,20/05/2020 21:54,10.0,False,False,UK Coronavirus Response,Paypal,170463,,,,,
70106103U32374212,21/05/2020 08:27,200.0,False,True,UK Coronavirus Response,Paypal,170458,UK Fund Appeal,Homepage Promo Box,Internal,Donate Landing_Kindness will keep us together VVCP content red box,BRC Site
53421526G4221015V,21/05/2020 08:19,20.0,True,True,UK Coronavirus Response,Paypal,170459,,bing,,,
87N70375173933041,22/05/2020 09:19,5.0,False,True,UK Coronavirus Response,Paypal,170464,UK Fund Appeal,Facebook,Social Ad,Donate Landing_Video_DRTV,NHS_Healthcare
36637093GB5801123,20/05/2020 07:19,10.0,False,True,Yemen Crisis Appeal,Paypal,170460,Yemen Crisis Appeal,google,cpc,generic,yemen appeal
7XW519312F0378121,20/05/2020 14:21,25.0,True,True,UK Coronavirus Response,Paypal,170458,UK Fund Appeal,Homepage Promo Box,Internal,Donate Landing_Kindness will keep us together VVCP content red box,BRC Site
8SS7641526818411T,20/05/2020 07:51,50.0,False,True,UK Coronavirus Response,Paypal,170464,UK Fund Appeal,Facebook,Social Ad,Donate Landing_Video_DRTV,18-24_25-34
15084995995474624,22/05/2020 04:09,2.0,True,False,UK Coronavirus Response,Paypal,170463,,,,,
9UE30898DX9946020,21/05/2020 19:10,100.0,False,True,Global Coronavirus Appeal,Paypal,170463,UK Fund Appeal,Unknown,Unknown,Donate Landing_Support our response,Advanz Pharma
7BT750693B5449745,21/05/2020 18:51,10.0,True,False,UK Coronavirus Response,Paypal,170460,Kindness Will Keep Us Together,google,cpc,generic,
2MU46925LH524963G,21/05/2020 13:22,125.0,True,True,Yemen Crisis Appeal,Paypal,170463,Yemen Crisis Appeal,,,brand,red cross yemen
8F668368DL4379457,21/05/2020 13:41,5.0,False,True,National Emergencies Trust Coronavirus Appeal,Paypal,170463,,,,,
302492638M951162B,21/05/2020 11:32,100.0,True,True,Disaster Fund Appeal,Paypal,170463,,,,,
7LA063654H912542Y,20/05/2020 16:38,100.0,False,True,National Emergencies Trust Coronavirus Appeal,Paypal,170463,,,,,
7HW76192KY4324020,20/05/2020 17:34,25.0,True,True,UK Coronavirus Response,Paypal,170463,,,,,
7MS69135LG0003342,20/05/2020 11:58,50.0,False,True,Yemen Crisis Appeal,Paypal,170460,Yemen Crisis Appeal,google,cpc,generic,help yemen
55U31007TD353034C,21/05/2020 12:44,100.0,False,True,UK Coronavirus Response,Paypal,170464,UK Fund Appeal,Facebook,Social Ad,Donate Landing_Video_DRTV,NHS_Healthcare
8BU88615Y9683604L,20/05/2020 00:13,5.0,False,False,National Emergencies Trust Coronavirus Appeal,Paypal,170463,,,,,
1JX77147LP207932U,21/05/2020 17:04,10.0,False,True,National Emergencies Trust Coronavirus Appeal,Paypal,170463,,,,,
78T849593Y8771648,21/05/2020 09:29,25.0,True,True,UK Coronavirus Response,Paypal,170464,UK Fund Appeal,Facebook,Social Ad,Donate Landing_Video_Retargeting Video,Website Traffic
7JL606235U599380M,22/05/2020 08:54,25.0,True,False,UK Coronavirus Response,Paypal,170464,UK Fund Appeal,Facebook,Social Ad,Donate Landing_Image_Man Unloading Car,Support Groups
88C67451FG620092R,20/05/2020 15:09,50.0,True,True,UK Coronavirus Response,Paypal,170463,,,,,
5MG62043YG373733K,21/05/2020 10:11,25.0,False,True,UK Coronavirus Response,Paypal,170463,,,,,
8HP03973H91276205,20/05/2020 12:05,10.0,False,True,Yemen Crisis Appeal,Paypal,170460,Yemen Crisis Appeal,google,cpc,generic,yemen appeal
7XF95145PD912401Y,20/05/2020 12:44,2.0,False,False,UK Coronavirus Response,Paypal,170463,,,,,
4JX99519E18960702,21/05/2020 17:47,25.0,False,True,UK Coronavirus Response,Paypal,170463,,,,,
3L7147254T146680K,20/05/2020 23:03,20.0,False,True,UK Coronavirus Response,Paypal,170464,UK Fund Appeal,Facebook,Social Ad,Donate Landing_Video_DRTV,Support Groups
5GY488940A2081159,21/05/2020 07:48,25.0,True,True,UK Coronavirus Response,Paypal,170464,UK Fund Appeal,Facebook,Social Ad,Donate Landing_Video_DRTV,18-24_25-34
4RA142385B565600A,20/05/2020 11:13,20.0,False,True,UK Coronavirus Response,Paypal,170463,UK Fund Appeal,Direct Mail,Offline,Donate Landing_May donate,Warm Supporters
51932930LR659212H,21/05/2020 09:07,200.0,False,True,UK Coronavirus Response,Paypal,170464,UK Fund Appeal,Facebook,Social Ad,Donate Landing_Video_DRTV,NHS_Healthcare
8GH0315994572070E,21/05/2020 05:47,5.0,True,True,UK Coronavirus Response,Paypal,170463,,,,,
9JH21201BC171515G,21/05/2020 13:54,30.0,False,True,National Emergencies Trust Coronavirus Appeal,Paypal,170463,,,,,
4DT529093E7798352,21/05/2020 19:27,30.0,False,True,National Emergencies Trust Coronavirus Appeal,Paypal,170463,,,,,
45D0273842396525L,20/05/2020 10:53,50.0,False,True,UK Coronavirus Response with Amundi,Paypal,170463,,,,,
30X744883X1905828,20/05/2020 23:01,50.0,False,True,UK Coronavirus Response,Paypal,170458,UK Fund Appeal,Homepage Promo Box,Internal,Donate Landing_Kindness will keep us together VVCP content red box,BRC Site
15V28300AF808152H,21/05/2020 23:04,20.0,False,False,National Emergencies Trust Coronavirus Appeal,Paypal,170463,,,,,
7KR67234W7530104J,21/05/2020 19:34,20.0,False,True,Support People In Crisis,Paypal,170463,,,,,
ICC13931032458,20/05/2020 12:09,30.0,False,False,Yemen Crisis Appeal,WorldPay,170460,Yemen Crisis Appeal,google,cpc,generic,yemen appeal
ICC12927851192,22/05/2020 09:15,25.0,False,True,UK Coronavirus Response,WorldPay,170464,UK Fund Appeal,Facebook,Social Ad,Donate Landing_Video_DRTV,Morally Minded_Charity Page Likers
ICC12419909202,20/05/2020 00:44,4.0,False,False,Syria Crisis Appeal,WorldPay,170463,,,,,
ICC12420823982,20/05/2020 14:12,5.0,False,False,UK Coronavirus Response,WorldPay,170460,Kindness Will Keep Us Together,google,cpc,generic,charities to donate to
ICC13932222587,21/05/2020 03:37,40.0,False,False,UK Coronavirus Response,WorldPay,170463,,,,,
ICC13430021113,20/05/2020 22:44,30.0,False,False,Disaster Fund Appeal,WorldPay,170463,,,,,
ICC12924506905,20/05/2020 11:29,100.0,False,True,UK Coronavirus Response,WorldPay,170463,,,,,
ICC14076332867,21/05/2020 00:34,200.0,False,True,Disaster Fund Appeal,WorldPay,170463,,,,,
ICC12423957158,22/05/2020 07:38,50.0,False,True,UK Coronavirus Response,WorldPay,170463,,,,,
ICC13931115910,20/05/2020 13:10,50.0,False,True,Syria Crisis Appeal,WorldPay,170460,Syria Crisis Appeal,google,cpc,generic,syria donations
ICC12423935722,22/05/2020 07:16,10.0,False,True,UK Coronavirus Response,WorldPay,170458,UK Fund Appeal,Homepage Promo Box,Internal,Donate Landing_Kindness will keep us together VVCP content red box,BRC Site
ICC15059755405,21/05/2020 14:51,100.0,False,True,Yemen Crisis Appeal,WorldPay,170460,Yemen Crisis Appeal,google,cpc,generic,zakat for yemen
ICC12927873397,22/05/2020 09:33,20.0,False,True,UK Coronavirus Response,WorldPay,169025,UK Fund Appeal,Salesforce,Email,Donate_SendNumber5_Donate Norman_Mega Button_Donate,Emergency Donors
ICC15060393281,21/05/2020 21:59,5.0,False,True,UK Coronavirus Response,WorldPay,171138,Kindness Will Keep Us Together,Salesforce,Email,Donate_SendNumber11_coronavirus support line_Mega Button_Donate,Emergency Donors
ICC12419889642,20/05/2020 00:26,6.0,False,True,UK Coronavirus Response,WorldPay,170460,Kindness Will Keep Us Together,google,cpc,generic,
ICC13431478806,21/05/2020 19:53,20.0,False,False,Global Coronavirus Appeal,WorldPay,170463,UK Fund Appeal,Unknown,Unknown,Donate Landing_Support our response,Advanz Pharma
ICC12424074698,22/05/2020 09:20,231.88,False,False,Yemen Crisis Appeal,WorldPay,170460,Yemen Crisis Appeal,google,cpc,generic,zakat for yemen
ICC14075453060,20/05/2020 13:56,5.0,False,False,Global Coronavirus Appeal,WorldPay,170463,UK Fund Appeal,Unknown,Unknown,Donate Landing_Support our response,Advanz Pharma
ICC13432425118,22/05/2020 09:48,4500.0,False,False,National Emergencies Trust Coronavirus Appeal,WorldPay,170463,,,,,
ICC13932828610,21/05/2020 13:20,10.0,False,False,Support People In Crisis,WorldPay,170463,,,,,
ICC14077065918,21/05/2020 12:24,20.0,False,True,UK Coronavirus Response,WorldPay,170463,,,,,
ICC13930880378,20/05/2020 09:01,10.0,True,False,UK Coronavirus Response,WorldPay,170460,Kindness Will Keep Us Together,google,cpc,generic,
ICC12424071568,22/05/2020 09:17,50.0,True,True,UK Coronavirus Response,WorldPay,170464,National Emergencies Trust Coronavirus Appeal,Facebook,Social Ad,Donate Landing_Image_Food Bank,Prestige Positions
ICC13432418422,22/05/2020 09:42,50.0,False,True,UK Coronavirus Response,WorldPay,170463,,,,,
ICC12424111279,22/05/2020 09:49,10.0,False,False,UK Coronavirus Response,WorldPay,170464,UK Fund Appeal,Facebook,Social Ad,Donate Landing_Video_DRTV,BRC Page Likers_Friends
ICC13934191152,22/05/2020 08:21,3.0,False,False,UK Coronavirus Response,WorldPay,170463,,,,,
ICC12927361491,22/05/2020 01:15,10.0,False,False,UK Coronavirus Response,WorldPay,170463,,,,,
ICC14077146042,21/05/2020 13:26,20.0,False,True,National Emergencies Trust Coronavirus Appeal,WorldPay,170463,,,,,
ICC14078601954,22/05/2020 09:30,5.0,False,True,UK Coronavirus Response,WorldPay,170464,UK Fund Appeal,Facebook,Social Ad,Donate Landing_Video_DRTV,Support Groups
ICC13432358007,22/05/2020 08:54,7.0,False,True,UK Coronavirus Response,WorldPay,170460,Kindness Will Keep Us Together,google,cpc,generic,coronavirus donate
ICC13932150843,21/05/2020 02:23,5.0,False,True,Yemen Crisis Appeal,WorldPay,170460,Syria Crisis Appeal,google,cpc,generic,syria charity
ICC12420347438,20/05/2020 08:03,30.0,False,True,UK Coronavirus Response,WorldPay,170460,Kindness Will Keep Us Together,google,cpc,generic,covid-19 charity
ICC13933778632,22/05/2020 01:21,20.0,False,False,UK Coronavirus Response,WorldPay,170463,,,,,
ICC14078462154,22/05/2020 07:29,2700.0,False,False,UK Coronavirus Response,WorldPay,170460,Kindness Will Keep Us Together,google,cpc,generic,covid-19 donations
ICC13934184777,22/05/2020 08:16,200.0,False,True,National Emergencies Trust Coronavirus Appeal,WorldPay,170463,,,,,
ICC13933752353,22/05/2020 00:58,10.0,True,False,Yemen Crisis Appeal,WorldPay,170460,Yemen Crisis Appeal,google,cpc,generic,yemen charity
ICC13931317618,20/05/2020 15:49,25.0,False,True,UK Coronavirus Response,WorldPay,170463,,,,,
ICC13930990671,20/05/2020 10:27,40.0,False,True,Yemen Crisis Appeal,WorldPay,170460,Kindness Will Keep Us Together,google,cpc,brand,brand
ICC12926331418,21/05/2020 12:20,30.0,False,True,Support People In Crisis,WorldPay,170463,,,,,
ICC14077512338,21/05/2020 17:52,100.0,False,True,National Emergencies Trust Coronavirus Appeal,WorldPay,170460,National Emergencies Trust Coronavirus Appeal,google,cpc,brand,donate
ICC12420880477,20/05/2020 14:54,10.0,False,True,UK Coronavirus Response,WorldPay,170463,,,,,
ICC13432376309,22/05/2020 09:09,100.0,False,True,UK Coronavirus Response,WorldPay,170463,,,,,
ICC12925100376,20/05/2020 18:33,30.0,True,True,UK Coronavirus Response,WorldPay,170460,Kindness Will Keep Us Together,google,cpc,brand,pure brand
ICC15061108955,22/05/2020 08:26,500.0,False,True,Disaster Fund Appeal,WorldPay,170463,,,,,
ICC12424044971,22/05/2020 08:56,20.0,False,False,UK Coronavirus Response,WorldPay,170463,,,,,
ICC12927195040,21/05/2020 22:48,25.0,False,True,National Emergencies Trust Coronavirus Appeal,WorldPay,170463,,,,,
ICC13933924018,22/05/2020 03:44,50.0,False,True,UK Coronavirus Response,WorldPay,170460,Kindness Will Keep Us Together,google,cpc,brand,pure brand
ICC12422357227,21/05/2020 10:28,100.0,True,True,UK Coronavirus Response,WorldPay,170463,,,,,
ICC12423221876,21/05/2020 20:50,20.0,False,True,Support People In Crisis,WorldPay,170463,,,,,
ICC15059481657,21/05/2020 11:33,25.0,True,True,UK Coronavirus Response,WorldPay,170464,UK Fund Appeal,Facebook,Social Ad,Donate Landing_Image_Food Bank,45-54
ICC13934216144,22/05/2020 08:46,200.0,False,True,UK Coronavirus Response,WorldPay,170463,UK Fund Appeal,Direct Mail,Offline,Donate Landing_May donate,Warm Supporters
ICC13930615440,20/05/2020 04:23,2.0,False,False,UK Coronavirus Response,WorldPay,170460,Kindness Will Keep Us Together,google,cpc,generic,
ICC12927716186,22/05/2020 07:18,15.0,False,True,National Emergencies Trust Coronavirus Appeal,WorldPay,170463,,,,,
ICC13428504990,20/05/2020 02:03,10.0,False,True,UK Coronavirus Response,WorldPay,170464,UK Fund Appeal,Facebook,Social Ad,Donate Landing_Image_Generic Volunteers,BRC Page Likers_Friends
ICC14078549943,22/05/2020 08:48,100.0,True,True,National Emergencies Trust Coronavirus Appeal,WorldPay,170463,,,,,
ICC13431861981,22/05/2020 00:48,15.0,False,True,UK Coronavirus Response,WorldPay,170463,,,,,
ICC14077628088,21/05/2020 19:13,10.0,False,False,UK Coronavirus Response,WorldPay,170460,Kindness Will Keep Us Together,google,cpc,drtv,covid-19 appeal
ICC14078599346,22/05/2020 09:28,50.0,False,True,UK Coronavirus Response,WorldPay,170463,,,,,
ICC14078547900,22/05/2020 08:46,25.0,False,True,UK Coronavirus Response with Amundi,WorldPay,170463,,,,,
ICC12925761599,21/05/2020 03:06,30.0,False,True,UK Coronavirus Response,WorldPay,170460,Kindness Will Keep Us Together,google,cpc,generic,
ICC13933449545,21/05/2020 20:53,25.0,False,True,UK Coronavirus Response,WorldPay,170458,UK Fund Appeal,Campaign Landing,Internal,Donate Landing_Coronavirus landing page hub,BRC Site
ICC13933888612,22/05/2020 03:07,20.0,False,True,UK Coronavirus Response,WorldPay,170463,,,,,
ICC13930834611,20/05/2020 08:18,50.0,False,True,UK Coronavirus Response,WorldPay,170463,,,,,
ICC14078532669,22/05/2020 08:33,50.0,False,False,UK Coronavirus Response,WorldPay,170460,Kindness Will Keep Us Together,google,cpc,brand,pure brand
ICC13432312715,22/05/2020 08:15,50.0,False,True,UK Coronavirus Response,WorldPay,170458,UK Fund Appeal,Campaign Landing,Internal,Donate Landing_Coronavirus landing page hub,BRC Site
ICC13429421959,20/05/2020 15:39,10.0,False,False,UK Coronavirus Response,WorldPay,170463,,,,,
ICC12924760244,20/05/2020 14:36,25.0,False,True,UK Coronavirus Response,WorldPay,170464,UK Fund Appeal,Facebook,Social Ad,Donate Landing_Video_DRTV,NHS_Healthcare
ICC12926669131,21/05/2020 16:28,10.0,False,True,UK Coronavirus Response,WorldPay,170463,,,,,
ICC15057432256,20/05/2020 09:23,50.0,False,True,National Emergencies Trust Coronavirus Appeal,WorldPay,170463,,,,,
ICC15057488123,20/05/2020 10:12,500.0,True,True,UK Coronavirus Response,WorldPay,170463,,,,,
ICC13933733473,22/05/2020 00:41,20.0,False,False,Syria Crisis Appeal,WorldPay,170458,UK Fund Appeal,Homepage Promo Box,Internal,Donate Landing_Kindness will keep us together VVCP content red box,BRC Site
ICC13933737851,22/05/2020 00:45,10.0,False,False,Global Coronavirus Appeal,WorldPay,170458,UK Fund Appeal,Homepage Promo Box,Internal,Donate Landing_Kindness will keep us together VVCP content red box,BRC Site
ICC13933742511,22/05/2020 00:49,20.0,False,False,Yemen Crisis Appeal,WorldPay,170458,UK Fund Appeal,Homepage Promo Box,Internal,Donate Landing_Kindness will keep us together VVCP content red box,BRC Site
ICC12926308984,21/05/2020 12:02,100.0,False,True,UK Coronavirus Response,WorldPay,171138,Kindness Will Keep Us Together,Salesforce,Email,Donate_SendNumber11_coronavirus support line_Mega Button_Donate,Emergency Donors
ICC12927195846,21/05/2020 22:48,300.0,False,True,Syria Crisis Appeal,WorldPay,170460,Syria Crisis Appeal,google,cpc,generic,syria charity
ICC12420532524,20/05/2020 10:42,50.0,True,True,UK Coronavirus Response with Amundi,WorldPay,170463,,,,,
ICC12927095272,21/05/2020 21:31,50.0,True,False,UK Coronavirus Response,WorldPay,170458,UK Fund Appeal,Campaign Landing,Internal,Donate Landing_Coronavirus landing page hub,BRC Site
ICC14076914998,21/05/2020 10:20,25.0,True,True,UK Coronavirus Response,WorldPay,170457,UK Fund Appeal,google,Banner,Donate Landing_Donate,Website_Groupon
ICC12421402125,20/05/2020 20:39,100.0,False,False,National Emergencies Trust Coronavirus Appeal,WorldPay,170463,,,,,
ICC13430024785,20/05/2020 22:47,600.0,True,False,UK Coronavirus Response,WorldPay,170463,,,,,
ICC13431059649,21/05/2020 14:48,25.0,False,True,UK Coronavirus Response,WorldPay,171138,Kindness Will Keep Us Together,Salesforce,Email,Donate_SendNumber11_coronavirus support line_Mega Button_Donate,Emergency Donors
ICC12423071234,21/05/2020 19:08,30.0,True,True,Yemen Crisis Appeal,WorldPay,170463,,,,,
ICC12926379214,21/05/2020 12:57,4.56,False,False,UK Coronavirus Response,WorldPay,170463,,,,,
ICC12924634357,20/05/2020 12:58,2.81,False,True,UK Coronavirus Response,WorldPay,170463,,,,,
ICC13429746488,20/05/2020 19:28,100.0,False,True,UK Coronavirus Response,WorldPay,171138,Kindness Will Keep Us Together,Salesforce,Email,Donate_SendNumber11_coronavirus support line_Mega Button_Donate,Emergency Donors
ICC13429524047,20/05/2020 16:57,50.0,False,True,UK Coronavirus Response,WorldPay,170464,UK Fund Appeal,Facebook,Social Ad,Donate Landing_Image_Generic Volunteers,Morally Minded_Charity Page Likers
ICC14074694982,20/05/2020 01:41,5.0,True,False,UK Coronavirus Response,WorldPay,170464,UK Fund Appeal,Facebook,Social Ad,Donate Landing_Video_Generic Brand Video,Charity Page Likers
ICC14077057029,21/05/2020 12:17,5.0,False,True,National Emergencies Trust Coronavirus Appeal,WorldPay,170463,,,,,
ICC13933080942,21/05/2020 16:28,10.0,True,True,National Emergencies Trust Coronavirus Appeal,WorldPay,170463,,,,,
ICC12925418058,20/05/2020 22:10,5.0,False,False,UK Coronavirus Response,WorldPay,170458,UK Fund Appeal,Homepage Promo Box,Internal,Donate Landing_Kindness will keep us together VVCP content red box,BRC Site
ICC14077684979,21/05/2020 19:54,50.0,False,True,National Emergencies Trust Coronavirus Appeal,WorldPay,170463,,,,,
ICC12924299688,20/05/2020 08:44,50.0,False,False,National Emergencies Trust Coronavirus Appeal,WorldPay,170463,,,,,
ICC13431244359,21/05/2020 17:05,5.0,False,True,UK Coronavirus Response,WorldPay,170460,Kindness Will Keep Us Together,google,cpc,generic,
ICC13930983614,20/05/2020 10:23,10.0,False,True,UK Coronavirus Response,WorldPay,170463,,,,,
ICC12423465679,21/05/2020 23:55,100.0,False,True,UK Coronavirus Response,WorldPay,170463,,,,,
ICC13429175774,20/05/2020 11:39,25.0,False,True,UK Coronavirus Response,WorldPay,170460,Kindness Will Keep Us Together,google,cpc,brand,pure brand
ICC13930857929,20/05/2020 08:40,20.0,False,True,UK Coronavirus Response,WorldPay,170460,National Emergencies Trust Coronavirus Appeal,google,cpc,brand,donate
ICC13431843458,22/05/2020 00:32,50.0,False,True,UK Coronavirus Response,WorldPay,170460,Kindness Will Keep Us Together,google,cpc,generic,
ICC12422280717,21/05/2020 09:23,20.0,False,False,UK Coronavirus Response,WorldPay,171138,Kindness Will Keep Us Together,Salesforce,Email,Donate_SendNumber11_coronavirus support line_Mega Button_Donate,Emergency Donors
ICC13931920431,20/05/2020 22:57,13.65,False,True,UK Coronavirus Response,WorldPay,170464,UK Fund Appeal,Facebook,Social Ad,Donate Landing_Video_DRTV,18-24_25-34
ICC14076380091,21/05/2020 01:15,10.0,False,True,UK Coronavirus Response,WorldPay,170460,Kindness Will Keep Us Together,google,cpc,brand,pure brand
ICC14076835468,21/05/2020 09:09,10.0,False,True,UK Coronavirus Response,WorldPay,170460,Kindness Will Keep Us Together,google,cpc,generic,
ICC15057656959,20/05/2020 12:08,35.0,True,True,UK Coronavirus Response,WorldPay,170460,Kindness Will Keep Us Together,google,cpc,generic,give to coronavirus appeal
ICC13931548366,20/05/2020 18:31,25.0,False,True,UK Coronavirus Response,WorldPay,170463,,,,,
ICC15059447218,21/05/2020 11:06,75.0,True,False,UK Coronavirus Response,WorldPay,170458,UK Fund Appeal,BRC Blog,Internal,Donate Landing_Kindness manifesto landing page,BRC Site
ICC15060275379,21/05/2020 20:39,100.0,False,True,UK Coronavirus Response,WorldPay,170458,UK Fund Appeal,Homepage Promo Box,Internal,Donate Landing_Kindness will keep us together VVCP content red box,BRC Site
ICC13931778511,20/05/2020 21:12,1000.0,False,True,UK Coronavirus Response,WorldPay,170463,,,,,
ICC14075315351,20/05/2020 12:12,100.0,False,True,UK Coronavirus Response,WorldPay,170460,Kindness Will Keep Us Together,google,cpc,generic,charities to donate to
ICC12926469080,21/05/2020 14:04,25.0,True,True,UK Coronavirus Response,WorldPay,170463,UK Fund Appeal,Direct Mail,Offline,Donate Landing_May donate,Warm Supporters
ICC13933461260,21/05/2020 21:01,25.0,False,True,UK Coronavirus Response,WorldPay,170458,UK Fund Appeal,Homepage Promo Box,Internal,Donate Landing_Kindness will keep us together VVCP content red box,BRC Site
ICC15058360192,20/05/2020 19:56,30.0,False,True,Yemen Crisis Appeal,WorldPay,170463,,,,,
ICC12926293369,21/05/2020 11:49,15.0,False,True,UK Coronavirus Response,WorldPay,170463,,,,,
ICC13930982083,20/05/2020 10:22,200.0,False,False,UK Coronavirus Response,WorldPay,170463,,,,,
ICC12423364569,21/05/2020 22:31,100.0,False,False,UK Coronavirus Response,WorldPay,170463,,,,,
ICC15057861299,20/05/2020 14:31,10.0,False,True,UK Coronavirus Response with Ikea,WorldPay,170463,,,,,
ICC13931728331,20/05/2020 20:36,10.0,False,True,UK Coronavirus Response,WorldPay,170463,,,,,
ICC15059754235,21/05/2020 14:51,10.0,True,True,UK Coronavirus Response,WorldPay,170460,Kindness Will Keep Us Together,google,cpc,generic,
ICC14074643179,20/05/2020 00:57,3.0,False,False,UK Coronavirus Response,WorldPay,170463,,,,,
ICC13931374528,20/05/2020 16:34,10.0,False,True,UK Coronavirus Response,WorldPay,170463,,,,,
ICC15059569442,21/05/2020 12:38,50.0,True,True,UK Coronavirus Response,WorldPay,170463,,,,,
ICC13430697150,21/05/2020 09:59,30.0,False,True,UK Coronavirus Response,WorldPay,170460,Kindness Will Keep Us Together,google,cpc,brand,pure brand
ICC15058555373,20/05/2020 22:00,50.0,False,True,Syria Crisis Appeal,WorldPay,170460,Syria Crisis Appeal,google,cpc,generic,syria charity uk
ICC15057968185,20/05/2020 15:46,100.0,False,False,UK Coronavirus Response,WorldPay,170463,,,,,
ICC13931141353,20/05/2020 13:31,1000.0,True,True,UK Coronavirus Response,WorldPay,170463,,,,,
ICC13932985045,21/05/2020 15:17,10.0,False,True,UK Coronavirus Response,WorldPay,170463,,,,,
ICC13931290616,20/05/2020 15:29,50.0,False,True,UK Coronavirus Response,WorldPay,170463,,,,,
ICC13931656961,20/05/2020 19:48,60.0,False,True,UK Coronavirus Response,WorldPay,171138,Kindness Will Keep Us Together,Salesforce,Email,Donate_SendNumber11_coronavirus support line_Mega Button_Donate,Emergency Donors
ICC12423169841,21/05/2020 20:15,5.0,False,False,UK Coronavirus Response,WorldPay,170463,,,,,
ICC13431057141,21/05/2020 14:46,50.0,False,True,National Emergencies Trust Coronavirus Appeal,WorldPay,170463,,,,,
ICC12421106570,20/05/2020 17:31,10.0,False,False,UK Coronavirus Response,WorldPay,170463,,,,,
ICC15060502682,21/05/2020 23:22,25.0,False,False,UK Coronavirus Response,WorldPay,170463,,,,,
ICC15060185039,21/05/2020 19:39,250.0,True,True,National Emergencies Trust Coronavirus Appeal,WorldPay,170463,,,,,
ICC12422461900,21/05/2020 11:55,100.0,False,True,National Emergencies Trust Coronavirus Appeal,WorldPay,170463,,,,,
ICC14076254415,20/05/2020 23:28,50.0,False,False,Syria Crisis Appeal,WorldPay,170460,Syria Crisis Appeal,google,cpc,generic,zakat for syria
ICC13430617062,21/05/2020 08:43,100.0,False,True,UK Coronavirus Response,WorldPay,170458,UK Fund Appeal,Homepage Promo Box,Internal,Donate Landing_Kindness will keep us together VVCP content red box,BRC Site
ICC12924521699,20/05/2020 11:40,100.0,False,True,UK Coronavirus Response,WorldPay,170463,,,,,
ICC15057605744,20/05/2020 11:32,50.0,False,True,National Emergencies Trust Coronavirus Appeal,WorldPay,170463,,,,,
ICC12926462143,21/05/2020 13:59,31.0,False,False,UK Coronavirus Response,WorldPay,170463,,,,,
ICC15057653270,20/05/2020 12:05,50.0,False,True,UK Coronavirus Response,WorldPay,170463,UK Fund Appeal,Direct Mail,Offline,Donate Landing_May donate,Warm Supporters
ICC13429020072,20/05/2020 09:52,10.0,True,False,UK Coronavirus Response,WorldPay,170460,Kindness Will Keep Us Together,google,cpc,brand,pure brand
ICC12420663005,20/05/2020 12:14,5.0,False,False,National Emergencies Trust Coronavirus Appeal,WorldPay,170463,,,,,
ICC13430756240,21/05/2020 10:48,10.0,False,True,National Emergencies Trust Coronavirus Appeal,WorldPay,170463,,,,,
ICC14075522327,20/05/2020 14:50,25.0,False,True,UK Coronavirus Response,WorldPay,170460,Kindness Will Keep Us Together,google,cpc,brand,brand
ICC13932968513,21/05/2020 15:05,5.0,False,True,National Emergencies Trust Coronavirus Appeal,WorldPay,170463,,,,,
ICC12422849961,21/05/2020 16:37,25.0,False,True,UK Coronavirus Response,WorldPay,170463,,,,,
ICC13431747833,21/05/2020 23:11,5.0,False,True,UK Coronavirus Response,WorldPay,170464,UK Fund Appeal,Facebook,Social Ad,Donate Landing_Image_Generic Volunteers,Morally Minded_Charity Page Likers
ICC15060202584,21/05/2020 19:51,20.0,False,False,UK Coronavirus Response,WorldPay,170463,UK Fund Appeal,Direct Mail,Offline,Donate Landing_May donate,Warm Supporters
ICC13428488745,20/05/2020 01:50,50.0,False,False,UK Coronavirus Response,WorldPay,170463,,,,,
ICC15057925546,20/05/2020 15:16,15.0,False,True,National Emergencies Trust Coronavirus Appeal,WorldPay,170463,,,,,
ICC12924836504,20/05/2020 15:34,20.0,False,False,UK Coronavirus Response,WorldPay,170458,UK Fund Appeal,Homepage Promo Box,Internal,Donate Landing_Kindness will keep us together VVCP content red box,BRC Site
ICC14076180103,20/05/2020 22:29,100.0,False,True,Yemen Crisis Appeal,WorldPay,170458,UK Fund Appeal,Homepage Promo Box,Internal,Donate Landing_Kindness will keep us together VVCP content red box,BRC Site
ICC14076999568,21/05/2020 11:31,25.0,False,True,UK Coronavirus Response,WorldPay,170460,Kindness Will Keep Us Together,google,cpc,brand,brand
ICC14075241118,20/05/2020 11:19,1000.0,False,True,UK Coronavirus Response,WorldPay,170463,,,,,
ICC12926426035,21/05/2020 13:33,200.0,False,True,UK Coronavirus Response,WorldPay,170463,,,,,
ICC15058141995,20/05/2020 17:36,50.0,False,True,Yemen Crisis Appeal,WorldPay,170463,Yemen Crisis Appeal,,,brand,red cross yemen
ICC12422889786,21/05/2020 17:06,50.0,False,True,National Emergencies Trust Coronavirus Appeal,WorldPay,170463,,,,,
ICC13429135857,20/05/2020 11:14,25.0,False,True,UK Coronavirus Response,WorldPay,170463,UK Fund Appeal,Direct Mail,Offline,Donate Landing_May donate,Warm Supporters
ICC13930512646,20/05/2020 02:50,10.0,False,True,Syria Crisis Appeal,WorldPay,170460,Syria Crisis Appeal,google,cpc,generic,syria charity
ICC12421383410,20/05/2020 20:27,10.0,False,True,UK Coronavirus Response,WorldPay,171138,Kindness Will Keep Us Together,Salesforce,Email,Donate_SendNumber11_coronavirus support line_Mega Button_Donate,Emergency Donors
ICC15057588418,20/05/2020 11:20,20.0,False,False,UK Coronavirus Response,WorldPay,170460,Kindness Will Keep Us Together,google,cpc,generic,
ICC13932438506,21/05/2020 07:38,25.0,False,True,UK Coronavirus Response,WorldPay,170460,Kindness Will Keep Us Together,google,cpc,generic,coronavirus charity
ICC13931006954,20/05/2020 10:39,50.0,False,True,UK Coronavirus Response with Amundi,WorldPay,170463,,,,,
ICC13429594514,20/05/2020 17:39,10.0,False,True,UK Coronavirus Response,WorldPay,170458,UK Fund Appeal,BRC Blog,Internal,Donate Other_Our work with the NHS,BRC Site
ICC12422526873,21/05/2020 12:45,5.0,False,False,Syria Crisis Appeal,WorldPay,170458,UK Fund Appeal,Homepage Promo Box,Internal,Donate Landing_Kindness will keep us together VVCP content red box,BRC Site
ICC14077142829,21/05/2020 13:23,5.0,False,True,National Emergencies Trust Coronavirus Appeal,WorldPay,170463,,,,,
ICC12927304615,22/05/2020 00:22,10.0,False,True,Syria Crisis Appeal,WorldPay,170463,,,,,
ICC12927302527,22/05/2020 00:21,30.0,False,True,Yemen Crisis Appeal,WorldPay,170463,,,,,
ICC13931044752,20/05/2020 12:17,20.0,False,False,UK Coronavirus Response,WorldPay,170463,,,,,
ICC12927017800,21/05/2020 20:34,200.0,False,True,National Emergencies Trust Coronavirus Appeal,WorldPay,170463,,,,,
ICC13429151091,20/05/2020 11:23,50.0,False,True,UK Coronavirus Response,WorldPay,170460,Kindness Will Keep Us Together,google,cpc,brand,pure brand
ICC12422414371,21/05/2020 11:16,20.0,False,False,National Emergencies Trust Coronavirus Appeal,WorldPay,170460,National Emergencies Trust Coronavirus Appeal,google,cpc,brand,donate
ICC13429214838,20/05/2020 12:53,50.0,False,False,Yemen Crisis Appeal,WorldPay,170463,Yemen Crisis Appeal,,,brand,red cross yemen appeal
ICC12420566926,20/05/2020 11:06,50.0,False,True,National Emergencies Trust Coronavirus Appeal,WorldPay,170463,,,,,
ICC14077049262,21/05/2020 12:11,50.0,False,True,Yemen Crisis Appeal,WorldPay,170463,,,,,
ICC12422486854,21/05/2020 12:14,5.0,False,True,National Emergencies Trust Coronavirus Appeal,WorldPay,170463,,,,,
ICC12422705026,21/05/2020 14:56,10.0,False,True,UK Coronavirus Response,WorldPay,170460,Kindness Will Keep Us Together,google,cpc,brand,pure brand
ICC13931452607,20/05/2020 17:27,50.0,True,True,UK Coronavirus Response,WorldPay,170463,,,,,
ICC13431122474,21/05/2020 15:35,10.0,False,False,UK Coronavirus Response,WorldPay,170463,,,,,
ICC13431572265,21/05/2020 20:59,10.0,False,False,UK Coronavirus Response,WorldPay,170463,,,,,
ICC13431592058,21/05/2020 21:12,50.0,False,True,Yemen Crisis Appeal,WorldPay,170458,UK Fund Appeal,Homepage Promo Box,Internal,Donate Landing_Kindness will keep us together VVCP content red box,BRC Site
ICC12926324492,21/05/2020 12:14,30.0,False,True,Support People In Crisis,WorldPay,170463,,,,,
ICC15059545112,21/05/2020 12:20,5.0,True,True,UK Coronavirus Response,WorldPay,170460,Kindness Will Keep Us Together,google,cpc,generic,coronavirus donate
ICC12926766657,21/05/2020 17:37,50.0,False,True,UK Coronavirus Response,WorldPay,170463,,,,,
ICC13932858912,21/05/2020 13:43,10.0,False,True,UK Coronavirus Response,WorldPay,170460,Kindness Will Keep Us Together,google,cpc,brand,pure brand
ICC13933028550,21/05/2020 15:50,10.0,False,False,UK Coronavirus Response,WorldPay,171138,Kindness Will Keep Us Together,Salesforce,Email,Donate_SendNumber11_coronavirus support line_Copy Button_make a donation,Emergency Donors
ICC13931528131,20/05/2020 18:16,30.0,False,True,UK Coronavirus Response,WorldPay,170460,Kindness Will Keep Us Together,google,cpc,generic,
ICC12926456810,21/05/2020 13:56,100.0,False,True,UK Coronavirus Response,WorldPay,170463,,,,,
ICC15058701374,20/05/2020 23:45,50.0,True,False,UK Coronavirus Response,WorldPay,170458,UK Fund Appeal,Campaign Landing,Internal,Donate Landing_Coronavirus landing page hub,BRC Site
ICC15060373182,21/05/2020 21:45,20.0,False,True,UK Coronavirus Response,WorldPay,170464,UK Fund Appeal,Facebook,Social Ad,Donate Landing_Video_DRTV,BRC Page Likers_Friends
ICC12421458681,20/05/2020 21:16,50.0,False,True,Global Coronavirus Appeal,WorldPay,170460,Kindness Will Keep Us Together,google,cpc,globalgeneric,coronavirus donate india
ICC12421314831,20/05/2020 19:45,25.0,False,False,UK Coronavirus Response,WorldPay,170463,,,,,
ICC12924573495,20/05/2020 12:16,350.0,True,False,UK Coronavirus Response,WorldPay,170458,UK Fund Appeal,Campaign Landing,Internal,Donate Landing_Coronavirus landing page hub,BRC Site
ICC15057574057,20/05/2020 11:11,25.0,False,True,UK Coronavirus Response,WorldPay,170463,,,,,
ICC14077420790,21/05/2020 16:46,20.0,False,True,UK Coronavirus Response,WorldPay,170463,,,,,
ICC13933040329,21/05/2020 15:59,30.0,False,False,UK Coronavirus Response,WorldPay,170460,Kindness Will Keep Us Together,google,cpc,brand,pure brand
ICC12420952706,20/05/2020 15:48,10.0,False,True,UK Coronavirus Response,WorldPay,171138,Kindness Will Keep Us Together,Salesforce,Email,Donate_SendNumber11_coronavirus support line_Copy Button_make a donation,Emergency Donors
ICC13931553973,20/05/2020 18:35,25.0,False,True,UK Coronavirus Response,WorldPay,170464,UK Fund Appeal,Facebook,Social Ad,Donate Landing_Video_DRTV,Morally Minded_Charity Page Likers
ICC15059309329,21/05/2020 09:15,15.0,False,True,UK Coronavirus Response,WorldPay,170463,,,,,
ICC12420534185,20/05/2020 10:43,200.0,False,False,National Emergencies Trust Coronavirus Appeal,WorldPay,170463,,,,,
ICC13932710195,21/05/2020 11:45,50.0,False,True,Yemen Crisis Appeal,WorldPay,170463,,,,,
ICC12927123999,21/05/2020 21:52,25.0,False,True,UK Coronavirus Response,WorldPay,170463,,,,,
ICC12420684599,20/05/2020 12:27,30.0,False,True,Syria Crisis Appeal,WorldPay,170460,Syria Crisis Appeal,google,cpc,generic,syrian children
ICC12421626142,20/05/2020 23:12,10.0,True,False,National Emergencies Trust Coronavirus Appeal,WorldPay,170463,,,,,
ICC12421406330,20/05/2020 20:42,30.0,False,True,UK Coronavirus Response,WorldPay,170460,Kindness Will Keep Us Together,google,cpc,generic,
ICC15059690291,21/05/2020 14:05,30.0,False,True,UK Coronavirus Response,WorldPay,170460,Kindness Will Keep Us Together,google,cpc,generic,covid-19 appeal
ICC13429290216,20/05/2020 13:55,5.0,False,False,UK Coronavirus Response,WorldPay,170458,UK Fund Appeal,Homepage Promo Box,Internal,Donate Landing_Kindness will keep us together VVCP content red box,BRC Site
ICC12421423960,20/05/2020 20:53,25.0,False,False,UK Coronavirus Response,WorldPay,171138,Kindness Will Keep Us Together,Salesforce,Email,Donate_SendNumber11_coronavirus support line_Mega Button_Donate,Emergency Donors
ICC13933291229,21/05/2020 18:59,25.0,False,False,UK Coronavirus Response,WorldPay,170463,,,,,
ICC12926145155,21/05/2020 09:45,30.0,True,True,National Emergencies Trust Coronavirus Appeal,WorldPay,170463,,,,,
ICC12423358210,21/05/2020 22:26,50.0,True,True,UK Coronavirus Response,WorldPay,170458,UK Fund Appeal,Homepage Promo Box,Internal,Donate Landing_Kindness will keep us together VVCP content red box,BRC Site
ICC12422222299,21/05/2020 08:28,20.0,False,True,UK Coronavirus Response,WorldPay,170460,Kindness Will Keep Us Together,google,cpc,brand,brand
ICC13429180224,20/05/2020 11:42,50.0,False,True,UK Coronavirus Response,WorldPay,170460,Kindness Will Keep Us Together,google,cpc,brand,pure brand
ICC12926191287,21/05/2020 10:24,30.0,False,True,UK Coronavirus Response,WorldPay,170460,Kindness Will Keep Us Together,google,cpc,brand,brand
ICC13930822672,20/05/2020 08:07,100.0,False,False,UK Coronavirus Response,WorldPay,170460,Kindness Will Keep Us Together,google,cpc,generic,
ICC15058101306,20/05/2020 17:18,10.0,False,False,UK Coronavirus Response,WorldPay,170463,,,,,
ICC12924468893,20/05/2020 11:02,200.0,False,False,UK Coronavirus Response,WorldPay,170460,Kindness Will Keep Us Together,google,cpc,brand,pure brand
ICC13431333769,21/05/2020 18:09,25.0,False,True,UK Coronavirus Response,WorldPay,170463,,,,,
ICC12421715678,21/05/2020 00:22,50.0,False,True,National Emergencies Trust Coronavirus Appeal,WorldPay,170463,,,,,
ICC13931533820,20/05/2020 18:21,50.0,True,False,UK Coronavirus Response,WorldPay,170463,,,,,
ICC12924921725,20/05/2020 16:36,10.0,True,False,UK Coronavirus Response,WorldPay,170464,UK Fund Appeal,Facebook,Social Ad,Donate Landing_Image_Generic Volunteers,Engagement Custom Audience_Video_3 seconds
ICC13431021098,21/05/2020 14:20,20.0,False,True,Support People In Crisis,WorldPay,170463,,,,,
ICC13930926928,20/05/2020 09:41,100.0,False,True,UK Coronavirus Response,WorldPay,170463,,,,,
ICC15057793382,20/05/2020 13:42,50.0,False,True,Global Coronavirus Appeal,WorldPay,170463,UK Fund Appeal,Unknown,Unknown,Donate Landing_Support our response,Advanz Pharma
ICC13931086708,20/05/2020 12:46,15.0,False,False,Syria Crisis Appeal,WorldPay,170460,Syria Crisis Appeal,google,cpc,generic,donate to syria
ICC12421264944,20/05/2020 19:12,100.0,False,True,UK Coronavirus Response,WorldPay,170463,,,,,
ICC14077164129,21/05/2020 13:40,25.0,False,True,UK Coronavirus Response,WorldPay,170458,UK Fund Appeal,Campaign Landing,Internal,Donate Landing_Coronavirus landing page hub,BRC Site
ICC12423116200,21/05/2020 19:40,30.0,False,True,Yemen Crisis Appeal,WorldPay,170460,Yemen Crisis Appeal,google,cpc,generic,yemen charity
ICC12926204518,21/05/2020 10:35,25.0,False,False,UK Coronavirus Response,WorldPay,170463,,,,,
ICC13931008640,20/05/2020 10:40,50.0,False,True,National Emergencies Trust Coronavirus Appeal,WorldPay,170463,,,,,
ICC12420624770,20/05/2020 11:47,50.0,True,True,National Emergencies Trust Coronavirus Appeal,WorldPay,170463,,,,,
ICC12927335636,22/05/2020 00:49,50.0,False,True,Yemen Crisis Appeal,WorldPay,170460,Yemen Crisis Appeal,google,cpc,generic,zakat for yemen
ICC13429139990,20/05/2020 11:15,25.0,False,True,UK Coronavirus Response,WorldPay,170463,,,,,
ICC15058675567,20/05/2020 23:28,25.0,False,False,UK Coronavirus Response,WorldPay,170463,,,,,
ICC12927230563,21/05/2020 23:18,20.0,False,False,UK Coronavirus Response,WorldPay,170458,UK Fund Appeal,Campaign Landing,Internal,Donate Landing_Coronavirus landing page hub,BRC Site
ICC12924660152,20/05/2020 13:19,40.0,True,True,Yemen Crisis Appeal,WorldPay,170463,Yemen Crisis Appeal,,,brand,red cross yemen
ICC13429847996,20/05/2020 20:38,50.0,False,True,National Emergencies Trust Coronavirus Appeal,WorldPay,170463,,,,,
ICC14077676936,21/05/2020 19:48,10.0,False,True,UK Coronavirus Response,WorldPay,170463,,,,,
ICC15060462321,21/05/2020 22:49,15.0,False,True,UK Coronavirus Response,WorldPay,170460,Kindness Will Keep Us Together,google,cpc,brand,pure brand
ICC12421314273,20/05/2020 19:44,150.0,True,True,Yemen Crisis Appeal,WorldPay,170463,,,,,
ICC13431580774,21/05/2020 21:04,50.0,False,True,National Emergencies Trust Coronavirus Appeal,WorldPay,170463,,,,,
ICC13930960374,20/05/2020 10:09,50.0,True,True,Support People In Crisis,WorldPay,170463,,,,,
ICC12926328142,21/05/2020 12:17,100.0,False,True,National Emergencies Trust Coronavirus Appeal,WorldPay,170463,,,,,
ICC15060371889,21/05/2020 21:44,15.0,False,True,UK Coronavirus Response,WorldPay,170464,UK Fund Appeal,Facebook,Social Ad,Donate Landing_Video_DRTV,18-24_25-34
ICC14076080130,20/05/2020 21:17,50.0,True,True,National Emergencies Trust Coronavirus Appeal,WorldPay,170463,,,,,
ICC12420500334,20/05/2020 10:19,100.0,False,True,UK Coronavirus Response,WorldPay,171138,Kindness Will Keep Us Together,Salesforce,Email,Donate_SendNumber11_coronavirus support line_Mega Button_Donate,Emergency Donors
ICC13933420263,21/05/2020 20:31,100.0,False,False,UK Coronavirus Response,WorldPay,170463,,,,,
ICC14077057648,21/05/2020 12:17,10.0,True,False,UK Coronavirus Response,WorldPay,170464,UK Fund Appeal,Facebook,Social Ad,Donate Landing_Video_DRTV,NHS_Healthcare
ICC12925146988,20/05/2020 19:05,2.0,False,False,UK Coronavirus Response,WorldPay,170463,,,,,
ICC12423065675,21/05/2020 19:05,2.0,False,False,UK Coronavirus Response,WorldPay,170463,,,,,
ICC13931501350,20/05/2020 17:57,10.0,False,True,UK Coronavirus Response,WorldPay,170463,,,,,
ICC12926351998,21/05/2020 12:35,50.0,False,False,National Emergencies Trust Coronavirus Appeal,WorldPay,170463,,,,,
ICC12420537470,20/05/2020 10:46,50.0,False,True,UK Coronavirus Response,WorldPay,170458,UK Fund Appeal,Homepage Promo Box,Internal,Donate Landing_Kindness will keep us together VVCP content red box,BRC Site
ICC13933170708,21/05/2020 17:35,2000.0,True,True,UK Coronavirus Response,WorldPay,170463,,,,,
ICC12926745793,21/05/2020 17:23,50.0,False,False,UK Coronavirus Response,WorldPay,170460,Kindness Will Keep Us Together,google,cpc,generic,
ICC12924392628,20/05/2020 10:08,50.0,False,True,UK Coronavirus Response,WorldPay,170463,,,,,
ICC15059669733,21/05/2020 13:52,50.0,False,True,UK Coronavirus Response,WorldPay,170458,UK Fund Appeal,Homepage Promo Box,Internal,Donate Landing_Kindness will keep us together VVCP content red box,BRC Site
ICC12419918775,20/05/2020 00:53,10.0,False,False,Syria Crisis Appeal,WorldPay,170460,Syria Crisis Appeal,google,cpc,generic,donate to syria
ICC13428400901,20/05/2020 00:45,25.0,False,False,UK Coronavirus Response,WorldPay,170463,,,,,
ICC13930315225,20/05/2020 00:03,2.0,False,True,Syria Crisis Appeal,WorldPay,170460,Syria Crisis Appeal,google,cpc,generic,syria charity
ICC15056870151,20/05/2020 00:05,10.0,False,True,UK Coronavirus Response,WorldPay,170460,Yemen Crisis Appeal,google,cpc,generic,help yemen
ICC12419858994,20/05/2020 00:00,50.0,False,True,Yemen Crisis Appeal,WorldPay,170460,Yemen Crisis Appeal,google,cpc,generic,yemen charity
ICC14074605630,20/05/2020 00:23,5.0,True,False,Syria Crisis Appeal,WorldPay,170460,Syria Crisis Appeal,google,cpc,generic,syrian children
ICC15056878620,20/05/2020 00:13,30.0,True,True,UK Coronavirus Response,WorldPay,170463,,,,,
